INSERT INTO TEACHERS (ID, NAME) values ('f9c1c939-970b-4033-9414-e33341ccb2e8', 'Joe Biden');
INSERT INTO TEACHERS (ID, NAME) values ('e7dda251-abd3-4993-80d1-ef3592b9eccc', 'Zhanar');
INSERT INTO TEACHERS (ID, NAME) values ('f9d397c6-a4c4-4559-8838-4b36c61b09cc', 'Aigul');

INSERT INTO STUDENTS (ID, NAME) values ('fc799a4f-3d66-4ea5-8ebc-230b54ee15ae', 'Maxim');
INSERT INTO STUDENTS (ID, NAME) values ('f442e78e-0c4b-4b31-ac45-737d3fa180de', 'Yerbol');
INSERT INTO STUDENTS (ID, NAME) values ('71c998ed-e8c1-48d1-8c07-7f895086545f', 'Yernar');

INSERT INTO COURSES (ID, NAME) values ('62ebbedf-9313-446a-8e4b-fec18408163b', 'Math');
INSERT INTO COURSES (ID, NAME) values ('e59c8eb6-e7d3-486a-a1b6-9f54890287e3', 'History');
INSERT INTO COURSES (ID, NAME) values ('15790602-e5d1-4f57-8dc8-437a739ecc2a', 'Physics');

INSERT INTO STUDENT_ENROLLMENTS (ID, STUDENT_ID, COURSE_ID) values ('23240ac8-2f01-40c1-bb02-1a87c4fc8ef2', 'fc799a4f-3d66-4ea5-8ebc-230b54ee15ae', '62ebbedf-9313-446a-8e4b-fec18408163b');
INSERT INTO STUDENT_ENROLLMENTS (ID, STUDENT_ID, COURSE_ID) values ('a4b9fcde-ea2c-47c1-ab2e-cd5209b6d854', 'fc799a4f-3d66-4ea5-8ebc-230b54ee15ae', 'e59c8eb6-e7d3-486a-a1b6-9f54890287e3');
INSERT INTO STUDENT_ENROLLMENTS (ID, STUDENT_ID, COURSE_ID) values ('f8266da9-7ec8-417f-95c6-8ceebe6bd289', 'fc799a4f-3d66-4ea5-8ebc-230b54ee15ae', '15790602-e5d1-4f57-8dc8-437a739ecc2a');
INSERT INTO STUDENT_ENROLLMENTS (ID, STUDENT_ID, COURSE_ID) values ('9101e234-3244-4710-9ab1-eab90c144bcf', 'f442e78e-0c4b-4b31-ac45-737d3fa180de', '62ebbedf-9313-446a-8e4b-fec18408163b');
INSERT INTO STUDENT_ENROLLMENTS (ID, STUDENT_ID, COURSE_ID) values ('fcdf24b8-712f-45d6-a686-98ba001c4f04', 'f442e78e-0c4b-4b31-ac45-737d3fa180de', 'e59c8eb6-e7d3-486a-a1b6-9f54890287e3');
INSERT INTO STUDENT_ENROLLMENTS (ID, STUDENT_ID, COURSE_ID) values ('b31e7fef-fa40-4556-8c61-1697126d6ee9', '71c998ed-e8c1-48d1-8c07-7f895086545f', '15790602-e5d1-4f57-8dc8-437a739ecc2a');

INSERT INTO TEACHER_ENROLLMENTS (ID, TEACHER_ID, COURSE_ID) values ('dc7a7a32-294a-4e92-a9bf-c73573c80244', 'f9c1c939-970b-4033-9414-e33341ccb2e8', '62ebbedf-9313-446a-8e4b-fec18408163b');
INSERT INTO TEACHER_ENROLLMENTS (ID, TEACHER_ID, COURSE_ID) values ('9a5e0a8b-a6cc-4354-bfed-bd51afa22ba5', 'f9c1c939-970b-4033-9414-e33341ccb2e8', 'e59c8eb6-e7d3-486a-a1b6-9f54890287e3');
INSERT INTO TEACHER_ENROLLMENTS (ID, TEACHER_ID, COURSE_ID) values ('377bcdc6-8176-4893-a9ac-f088970781c9', 'e7dda251-abd3-4993-80d1-ef3592b9eccc', '15790602-e5d1-4f57-8dc8-437a739ecc2a');
INSERT INTO TEACHER_ENROLLMENTS (ID, TEACHER_ID, COURSE_ID) values ('7c4831df-6b49-45e1-b780-4995f87b92ff', 'e7dda251-abd3-4993-80d1-ef3592b9eccc', '62ebbedf-9313-446a-8e4b-fec18408163b');
INSERT INTO TEACHER_ENROLLMENTS (ID, TEACHER_ID, COURSE_ID) values ('71ce490e-3ddf-4e22-88b4-e1aa25a0b5bf', 'f9d397c6-a4c4-4559-8838-4b36c61b09cc', 'e59c8eb6-e7d3-486a-a1b6-9f54890287e3');
INSERT INTO TEACHER_ENROLLMENTS (ID, TEACHER_ID, COURSE_ID) values ('b19128cf-87f7-421a-8bf1-e24428e62526', 'f9d397c6-a4c4-4559-8838-4b36c61b09cc', '15790602-e5d1-4f57-8dc8-437a739ecc2a');
